ID,output
0,4
1,-6
2,0
3,0
4,29
5,-61
6,4
7,-72
8,-63
9,-7
10,-6
11,-816
12,-2
13,-14
14,-7
15,-44
16,60
17,-6
18,12
19,-82
20,292
21,3
22,29
23,-12
24,0
25,-11
26,-214
27,63
28,26
29,62
30,162
31,0
32,36
33,10
34,-14
35,-96
36,298
37,8
38,8
39,54
40,-1
41,7
42,-39
43,-296
44,11
45,-210
46,-12
47,-9
48,0
49,13
50,-25
51,0
52,-14
53,-12
54,-14
55,2
56,-50
57,-17
58,32
59,-7
60,81
61,-22
62,19
63,-8
64,20
65,-10
66,27
67,48
68,15
69,6
70,-9
71,-12
72,10
73,19
74,0
75,4
76,13
77,0
78,-126
79,5
80,-3
81,2
82,-52
83,-95
84,60
85,7
86,11
87,240
88,60
89,-3
90,3
91,188
92,42
93,-36
94,-233
95,-27
96,16
97,44
98,0
99,250
100,5
101,0
102,11
103,-12
104,12
105,-4
106,5
107,72
108,55
109,0
110,14
111,108
112,-8
113,-26
114,7
115,42
116,254
117,54
118,0
119,12
120,27
121,-2
122,-1
123,0
124,-2
125,50
126,-72
127,-92
128,60
129,4
130,1
131,5
132,-4
133,9
134,3
135,1
136,64
137,4
138,24
139,-1
140,-4
141,-7
142,7
143,45
144,6
145,72
146,7
147,-9
148,-3
149,3
150,-1
151,19
152,19
153,-24
154,0
155,0
156,-256
157,18
158,7
159,32
160,0
161,5
162,16
163,6
164,-65
165,-36
166,4
167,-40
168,-27
169,-6
170,24
171,-6
172,50
173,-2
174,17
175,84
176,-10
177,-58
178,13
179,56
180,7
181,54
182,3
183,39
184,8
185,319
186,-19
187,0
188,-6
189,-10
190,0
191,16
192,29
193,0
194,-5
195,42
196,75
197,-12
198,-96
199,-48
200,-20
201,21
202,-8
203,364
204,10
205,-36
206,228
207,13
208,27
209,18
210,51
211,4
212,-1
213,-14
214,0
215,13
216,3
217,14
218,100
219,119
220,4
221,0
222,9
223,28
224,-5
225,-12
226,388
227,7
228,-2
229,108
230,2
231,19
232,0
233,-28
234,-6
235,12
236,-15
237,-10
238,-60
239,1
240,21
241,-64
242,12
243,-16
244,75
245,28
246,-12
247,14
248,-112
249,0
250,55
251,12
252,4
253,-476
254,13
255,-192
256,0
257,253
258,4
259,42
260,18
261,76
262,0
263,-12
264,-8
265,17
266,48
267,-36
268,4
269,-288
270,64
271,30
272,384
273,-8
274,0
275,9
276,-15
277,-83
278,-40
279,0
280,0
281,9
282,0
283,10
284,6
285,-10
286,16
287,312
288,-94
289,156
290,11
291,16
292,0
293,-10
294,12
295,3
296,-43
297,-50
298,-2
299,-22
300,-24
301,-7
302,4
303,30
304,725
305,-7
306,-2
307,24
308,0
309,176
310,-6
311,-8
312,4
313,157
314,35
315,-9
316,8
317,-4
318,80
319,-1
320,-1
321,6
322,-477
323,6
324,21
325,4
326,-43
327,36
328,4
329,-19
330,-14
331,-67
332,17
333,57
334,7
335,-120
336,-18
337,-304
338,24
339,880
340,-51
341,-26
342,70
343,-48
344,8
345,80
346,60
347,-12
348,28
349,166
350,-16
351,25
352,0
353,0
354,4
355,16
356,18
357,24
358,6
359,-1
360,4
361,0
362,72
363,-2
364,10
365,-3
366,-2
367,0
368,-48
369,8
370,9
371,-31
372,298
373,15
374,4
375,-68
376,-9
377,-30
378,-1
379,-10
380,-20
381,175
382,-2
383,4
384,-81
385,0
386,20
387,32
388,0
389,15
390,-8
391,-39
392,-8
393,-36
394,9
395,86
396,30
397,-2
398,18
399,-2
400,-45
401,-5
402,22
403,94
404,288
405,-476
406,23
407,20
408,0
409,63
410,-19
411,-48
412,-6
413,824
414,-10
415,-12
416,1
417,-24
418,108
419,-16
420,35
421,0
422,12
423,-3
424,4
425,4
426,-8
427,-54
428,242
429,3
430,-18
431,0
432,30
433,30
434,-101
435,-14
436,0
437,-6
438,19
439,-20
440,-56
441,0
442,20
443,6
444,16
445,-6
446,-19
447,-4
448,0
449,10
450,46
451,18
452,10
453,-9
454,60
455,-16
456,-2
457,-10
458,-6
459,11
460,10
461,5
462,-64
463,0
464,120
465,-36
466,260
467,27
468,-18
469,6
470,4
471,-4
472,-28
473,48
474,15
475,-12
476,-7
477,-64
478,15
479,8
480,11
481,-384
482,47
483,61
484,32
485,-10
486,2
487,-14
488,-18
489,-17
490,-144
491,-10
492,-6
493,-375
494,-1
495,10
496,-47
497,2
498,13
499,-8
500,-42
501,10
502,25
503,6
504,-1
505,3
506,20
507,-378
508,27
509,18
510,59
511,-17
512,26
513,-12
514,-81
515,16
516,-10
517,-11
518,-8
519,274
520,-76
521,-48
522,9
523,0
524,-128
525,126
526,1
527,-16
528,16
529,-103
530,16
531,-11
532,-7
533,-6
534,-18
535,38
536,-6
537,3
538,-30
539,-60
540,18
541,55
542,78
543,-6
544,4
545,25
546,-70
547,9
548,256
549,-18
550,15
551,13
552,-20
553,-50
554,-32
555,-10
556,-9
557,1
558,-27
559,-15
560,-1
561,-3
562,11
563,98
564,18
565,-5
566,36
567,48
568,16
569,-60
570,-10
571,3
572,-652
573,0
574,-58
575,16
576,4
577,2
578,6
579,16
580,-171
581,-4
582,144
583,41
584,17
585,-14
586,42
587,8
588,10
589,-153
590,-7
591,16
592,6
593,5
594,62
595,10
596,-12
597,-5
598,-9
599,6
600,18
601,-56
602,13
603,-28
604,0
605,11
606,-26
607,472
608,12
609,-64
610,11
611,396
612,-12
613,8
614,-1
615,1
616,-3
617,20
618,192
619,-20
620,-45
621,-9
622,-9
623,-135
624,-28
625,38
626,-360
627,29
628,4
629,-108
630,18
631,-1
632,12
633,82
634,43
635,5
636,-19
637,-16
638,0
639,5
640,67
641,288
642,-30
643,-78
644,63
645,38
646,336
647,8
648,130
649,-343
650,3
651,-7
652,3
653,-23
654,64
655,-60
656,-12
657,24
658,10
659,-8
660,0
661,0
662,20
663,-17
664,1
665,16
666,-26
667,9
668,3
669,9
670,26
671,-50
672,-19
673,4
674,2
675,-10
676,1
677,-12
678,-12
679,4
680,-54
681,-2
682,448
683,4
684,48
685,19
686,30
687,4
688,-117
689,4
690,-16
691,12
692,-8
693,-36
694,81
695,30
696,4
697,0
698,0
699,-31
700,-10
701,4
702,-4
703,-5
704,-16
705,4
706,68
707,-40
708,-3
709,-256
710,-5
711,45
712,-222
713,-1
714,34
715,4
716,-4
717,-16
718,100
719,-8
720,-5
721,-90
722,-14
723,4
724,-66
725,-113
726,14
727,595
728,-3
729,-48
730,80
731,0
732,11
733,21
734,36
735,9
736,-12
737,2
738,-20
739,8
740,4
741,55
742,3
743,68
744,6
745,13
746,28
747,8
748,60
749,-84
750,-24
751,36
752,2
753,-20
754,4
755,4
756,-13
757,-10
758,-6
759,-22
760,-17
761,-18
762,-12
763,192
764,9
765,-6
766,-54
767,72
768,42
769,0
770,-28
771,30
772,72
773,15
774,-6
775,4
776,-5
777,-21
778,-66
779,12
780,-6
781,40
782,-128
783,31
784,-355
785,-76
786,26
787,-24
788,6
789,-15
790,12
791,-21
792,-72
793,-131
794,0
795,220
796,0
797,0
798,-16
799,-72
800,-20
801,80
802,-4
803,36
804,-48
805,0
806,-21
807,21
808,-6
809,0
810,-16
811,-15
812,2
813,-9
814,4
815,4
816,189
817,60
818,8
819,10
820,-36
821,4
822,-18
823,14
824,0
825,-18
826,54
827,-30
828,17
829,2
830,33
831,-70
832,90
833,0
834,-30
835,-860
836,15
837,54
838,15
839,-16
840,7
841,-13
842,-15
843,-30
844,36
845,4
846,-8
847,-3
848,0
849,-1
850,15
851,-88
852,-12
853,-26
854,-9
855,312
856,0
857,-1
858,18
859,-74
860,52
861,33
862,-5
863,4
864,54
865,-21
866,48
867,-6
868,9
869,-24
870,11
871,63
872,-2
873,0
874,10
875,11
876,-8
877,-19
878,42
879,-80
880,-144
881,87
882,-17
883,-1
884,-54
885,40
886,49
887,0
888,37
889,9
890,52
891,3
892,0
893,193
894,-6
895,-6
896,-48
897,-1
898,80
899,-4
900,-35
901,28
902,-13
903,-9
904,0
905,14
906,6
907,-10
908,-27
909,0
910,-1
911,-70
912,0
913,48
914,-20
915,-6
916,0
917,0
918,-29
919,32
920,13
921,-26
922,320
923,-4
924,2
925,0
926,4
927,-8
928,32
929,-69
930,-60
931,0
932,-2
933,0
934,6
935,-9
936,-26
937,8
938,-40
939,-18
940,-10
941,-18
942,-144
943,-26
944,0
945,80
946,-20
947,-38
948,218
949,-24
950,-2
951,0
952,6
953,0
954,-11
955,82
956,144
957,-21
958,-64
959,9
960,-6
961,18
962,0
963,12
964,350
965,6
966,-7
967,15
968,-72
969,7
970,-9
971,10
972,9
973,-96
974,-7
975,72
976,-32
977,-39
978,32
979,-1
980,-2
981,-24
982,34
983,-300
984,-247
985,0
986,0
987,-1
988,-16
989,-18
990,48
991,-4
992,-22
993,0
994,24
995,14
996,20
997,58
998,18
999,-3
1000,9
1001,5
1002,-8
1003,-37
1004,1
1005,-11
1006,-2
1007,-74
1008,4
1009,0
1010,-11
1011,52
1012,17
1013,-300
1014,-6
1015,1
1016,9
1017,68
1018,-6
1019,-6
1020,0
1021,-24
1022,16
1023,0
1024,1
1025,-14
1026,8
1027,-10
1028,5
1029,124
1030,-21
1031,0
1032,384
1033,27
1034,-8
1035,4
1036,0
1037,4
1038,-10
1039,9
1040,4
1041,-21
1042,46
1043,-8
1044,7
1045,-28
1046,77
1047,1
1048,-8
1049,-7
1050,49
1051,0
1052,-19
1053,23
1054,-24
1055,-320
1056,31
1057,-140
1058,-20
1059,4
1060,2
1061,0
1062,14
1063,-12
1064,-10
1065,4
1066,120
1067,1
1068,-140
1069,-7
1070,-20
1071,-3
1072,-81
1073,8
1074,-27
1075,2
1076,-3
1077,-24
1078,273
1079,-18
1080,4
1081,0
1082,3
1083,44
1084,10
1085,0
1086,20
1087,30
1088,0
1089,9
1090,0
1091,35
1092,0
1093,59
1094,-171
1095,2
1096,-50
1097,-66
1098,0
1099,-12
1100,-20
1101,9
1102,0
1103,-8
1104,-1
1105,24
1106,-16
1107,24
1108,12
1109,0
1110,4
1111,-24
1112,48
1113,-4
1114,161
1115,-36
1116,-24
1117,8
1118,0
1119,-24
1120,90
1121,16
1122,-1
1123,192
1124,-9
1125,-6
1126,7
1127,-12
1128,-10
1129,12
1130,-24
1131,0
1132,-44
1133,-68
1134,-19
1135,19
1136,12
1137,72
1138,244
1139,-23
1140,3
1141,-12
1142,-37
1143,4
1144,-384
1145,16
1146,43
1147,43
1148,4
1149,325
1150,-216
1151,30
1152,0
1153,-46
1154,27
1155,5
1156,4
1157,6
1158,12
1159,-15
1160,25
1161,-8
1162,-2
1163,10
1164,-60
1165,-2
1166,-144
1167,-24
1168,-1
1169,9
1170,384
1171,-5
1172,4
1173,-6
1174,-12
1175,6
1176,12
1177,9
1178,1
1179,28
1180,84
1181,301
1182,12
1183,86
1184,6
1185,508
1186,-16
1187,36
1188,-36
1189,52
1190,-28
1191,16
1192,0
1193,0
1194,172
1195,-14
1196,0
1197,-13
1198,17
1199,-3
1200,0
1201,10
1202,4
1203,0
1204,-12
1205,-8
1206,19
1207,-42
1208,48
1209,-18
1210,-35
1211,0
1212,-4
1213,19
1214,-162
1215,19
1216,-29
1217,-4
1218,-45
1219,-40
1220,-60
1221,6
1222,-6
1223,0
1224,0
1225,3
1226,616
1227,5
1228,40
1229,4
1230,-26
1231,-9
1232,-30
1233,1
1234,576
1235,90
1236,15
1237,35
1238,0
1239,296
1240,-4
1241,-12
1242,-7
1243,-1
1244,-5
1245,10
1246,64
1247,36
1248,96
1249,0
1250,0
1251,-477
1252,7
1253,-8
1254,10
1255,-10
1256,15
1257,-12
1258,32
1259,-48
1260,-20
1261,4
1262,2
1263,-12
1264,16
1265,-16
1266,14
1267,36
1268,-2
1269,0
1270,-54
1271,36
1272,0
1273,0
1274,-25
1275,-236
1276,4
1277,-2
1278,-48
1279,-26
1280,15
1281,2
1282,0
1283,0
1284,-48
1285,18
1286,0
1287,-18
1288,47
1289,24
1290,0
1291,2
1292,2
1293,-7
1294,-12
1295,-16
1296,0
1297,5
1298,12
1299,32
1300,-318
1301,-10
1302,32
1303,-116
1304,707
1305,18
1306,-13
1307,-48
1308,34
1309,-20
1310,0
1311,-50
1312,28
1313,6
1314,-45
1315,-56
1316,-11
1317,-16
1318,-19
1319,-4
1320,-421
1321,-6
1322,-30
1323,6
1324,25
1325,4
1326,14
1327,0
1328,0
1329,637
1330,28
1331,0
1332,-5
1333,-19
1334,0
1335,-25
1336,10
1337,8
1338,5
1339,0
1340,-62
1341,40
1342,-8
1343,-2
1344,3
1345,0
1346,0
1347,2
1348,8
1349,10
1350,6
1351,-104
1352,4
1353,29
1354,0
1355,-26
1356,7
1357,0
1358,12
1359,-17
1360,-400
1361,28
1362,-15
1363,-6
1364,-18
1365,-228
1366,0
1367,-2
1368,-23
1369,0
1370,4
1371,65
1372,-68
1373,-17
1374,-9
1375,0
1376,-15
1377,2
1378,9
1379,14
1380,1
1381,-18
1382,20
1383,1
1384,1
1385,0
1386,0
1387,70
1388,136
1389,-192
1390,-4
1391,-2
1392,-20
1393,-34
1394,79
1395,-16
1396,-15
1397,24
1398,-18
1399,30
1400,-33
1401,24
1402,0
1403,12
1404,288
1405,-7
1406,12
1407,-72
1408,36
1409,-83
1410,-215
1411,25
1412,-8
1413,0
1414,-56
1415,0
1416,15
1417,0
1418,-21
1419,12
1420,0
1421,-18
1422,0
1423,-8
1424,24
1425,-72
1426,6
1427,0
1428,28
1429,-13
1430,-401
1431,0
1432,-17
1433,-16
1434,-2
1435,3
1436,-12
1437,-18
1438,0
1439,144
1440,-36
1441,7
1442,4
1443,8
1444,24
1445,0
1446,12
1447,-11
1448,-36
1449,16
1450,0
1451,0
1452,2
1453,-16
1454,-8
1455,-54
1456,0
1457,-5
1458,36
1459,-14
1460,-466
1461,18
1462,-15
1463,-636
1464,3
1465,4
1466,-18
1467,-32
1468,39
1469,7
1470,-16
1471,189
1472,-4
1473,-4
1474,-14
1475,0
1476,6
1477,-156
1478,9
1479,-128
1480,104
1481,0
1482,-9
1483,-72
1484,60
1485,0
1486,-36
1487,-210
1488,7
1489,0
1490,0
1491,76
1492,10
1493,76
1494,-16
1495,-126
1496,128
1497,54
1498,1
1499,2
1500,15
1501,4
1502,14
1503,-17
1504,-49
1505,-365
1506,24
1507,4
1508,-80
1509,-64
1510,-1
1511,12
1512,-17
1513,18
1514,16
1515,56
1516,-55
1517,-20
1518,0
1519,-10
1520,4
1521,16
1522,-42
1523,-4
1524,0
1525,72
1526,-8
1527,0
1528,0
1529,-94
1530,5
1531,-1
1532,-200
1533,90
1534,42
1535,-13
1536,6
1537,-6
1538,17
1539,0
1540,15
1541,28
1542,0
1543,0
1544,13
1545,20
1546,-20
1547,-4
1548,-72
1549,0
1550,18
1551,64
1552,-32
1553,36
1554,-24
1555,4
1556,2
1557,24
1558,-40
1559,10
1560,0
1561,45
1562,-7
1563,-18
1564,-280
1565,0
1566,62
1567,32
1568,-11
1569,45
1570,6
1571,7
1572,-43
1573,54
1574,18
1575,-29
1576,840
1577,-3
1578,-2
1579,-19
1580,44
1581,36
1582,-11
1583,20
1584,28
1585,-30
1586,-24
1587,12
1588,21
1589,-19
1590,-6
1591,95
1592,0
1593,0
1594,4
1595,16
1596,-20
1597,-12
1598,-36
1599,45
1600,-1
1601,32
1602,-46
1603,-112
1604,-64
1605,0
1606,-5
1607,-6
1608,44
1609,195
1610,-1
1611,240
1612,0
1613,8
1614,0
1615,-3
1616,19
1617,3
1618,9
1619,-56
1620,-12
1621,-63
1622,-18
1623,-92
1624,-9
1625,-54
1626,51
1627,-188
1628,-63
1629,-3
1630,-5
1631,15
1632,12
1633,5
1634,-7
1635,-20
1636,8
1637,17
1638,12
1639,15
1640,45
1641,-4
1642,0
1643,-11
1644,-486
1645,10
1646,40
1647,44
1648,6
1649,-48
1650,-12
1651,11
1652,-61
1653,-76
1654,-70
1655,48
1656,214
1657,23
1658,-35
1659,-6
1660,-60
1661,-10
1662,37
1663,-44
1664,0
1665,0
1666,-5
1667,-32
1668,-108
1669,20
1670,-86
1671,-27
1672,-143
1673,29
1674,8
1675,-20
1676,0
1677,4
1678,-9
1679,-3
1680,20
1681,2
1682,-6
1683,36
1684,-4
1685,-8
1686,61
1687,-40
1688,-18
1689,-8
1690,-12
1691,-18
1692,24
1693,-116
1694,3
1695,15
1696,-9
1697,-54
1698,-2
1699,13
1700,-5
1701,3
1702,84
1703,-18
1704,-12
1705,-2
1706,516
1707,102
1708,56
1709,-46
1710,-1
1711,-4
1712,-45
1713,-11
1714,4
1715,0
1716,4
1717,24
1718,-5
1719,6
1720,0
1721,54
1722,19
1723,-20
1724,40
1725,-18
1726,25
1727,-2
1728,9
1729,9
1730,15
1731,8
1732,3
1733,-44
1734,-2
1735,103
1736,18
1737,-30
1738,42
1739,33
1740,9
1741,0
1742,12
1743,-12
1744,-4
1745,5
1746,-9
1747,-6
1748,45
1749,-4
1750,630
1751,-188
1752,-1
1753,24
1754,3
1755,13
1756,0
1757,-22
1758,-10
1759,-92
1760,-8
1761,24
1762,14
1763,-18
1764,-44
1765,-18
1766,-122
1767,0
1768,-27
1769,6
1770,-3
1771,-7
1772,2
1773,36
1774,-6
1775,28
1776,-12
1777,6
1778,61
1779,0
1780,-14
1781,-4
1782,-48
1783,4
1784,-8
1785,64
1786,-16
1787,0
1788,-41
1789,1
1790,13
1791,-5
1792,-18
1793,-16
1794,-108
1795,2
1796,-90
1797,4
1798,-8
1799,18
1800,6
1801,4
1802,16
1803,0
1804,0
1805,-12
1806,450
1807,-6
1808,172
1809,20
1810,22
1811,-10
1812,0
1813,-8
1814,17
1815,-192
1816,-8
1817,-115
1818,15
1819,27
1820,-19
1821,-49
1822,-16
1823,15
1824,-23
1825,20
1826,8
1827,-16
1828,-76
1829,-14
1830,-8
1831,-8
1832,-8
1833,-8
1834,65
1835,0
1836,-42
1837,-8
1838,-52
1839,593
1840,-48
1841,-70
1842,7
1843,52
1844,-24
1845,18
1846,436
1847,-80
1848,-49
1849,9
1850,33
1851,-76
1852,6
1853,21
1854,-2
1855,20
1856,-5
1857,504
1858,-87
1859,-4
1860,8
1861,7
1862,4
1863,-35
1864,6
1865,22
1866,-224
1867,9
1868,-40
1869,6
1870,48
1871,2
1872,-156
1873,144
1874,4
1875,2
1876,164
1877,9
1878,9
1879,12
1880,-744
1881,-11
1882,-56
1883,-21
1884,-92
1885,-14
1886,-24
1887,-1
1888,-4
1889,-3
1890,-2
1891,0
1892,10
1893,-20
1894,4
1895,10
1896,19
1897,-8
1898,-2
1899,-20
1900,37
1901,-32
1902,6
1903,20
1904,10
1905,-14
1906,147
1907,-19
1908,5
1909,6
1910,0
1911,4
1912,-35
1913,13
1914,4
1915,-19
1916,-40
1917,-8
1918,-50
1919,15
1920,-432
1921,18
1922,0
1923,-98
1924,-32
1925,108
1926,21
1927,-5
1928,6
1929,1
1930,-9
1931,-20
1932,32
1933,124
1934,12
1935,0
1936,40
1937,6
1938,-15
1939,-62
1940,-17
1941,-58
1942,-26
1943,-64
1944,-96
1945,-3
1946,-196
1947,12
1948,4
1949,-4
1950,1
1951,5
1952,-6
1953,-23
1954,18
1955,-27
1956,-10
1957,19
1958,48
1959,630
1960,-7
1961,64
1962,12
1963,6
1964,4
1965,0
1966,8
1967,-17
1968,10
1969,-20
1970,51
1971,1
1972,31
1973,-16
1974,6
1975,14
1976,-14
1977,-3
1978,-24
1979,9
1980,21
1981,0
1982,10
1983,2
1984,5
1985,-16
1986,12
1987,0
1988,2
1989,-13
1990,18
1991,35
1992,-19
1993,36
1994,-10
1995,-12
1996,4
1997,24
1998,19
1999,16
2000,16
2001,15
2002,12
2003,8
2004,-16
2005,-12
2006,3
2007,23
2008,1
2009,-8
2010,-90
2011,-126
2012,-6
2013,-6
2014,-8
2015,51
2016,-9
2017,-48
2018,19
2019,3
2020,-15
2021,52
2022,-15
2023,-12
2024,27
2025,0
2026,0
2027,81
2028,-6
2029,-15
2030,-12
2031,-7
2032,39
2033,8
2034,54
2035,20
2036,-4
2037,16
2038,-60
2039,126
2040,-10
2041,27
2042,6
2043,-17
2044,-3
2045,-17
2046,-56
2047,100
2048,-16
2049,17
2050,-17
2051,12
2052,30
2053,0
2054,-4
2055,-23
2056,-216
2057,280
2058,12
2059,4
2060,-26
2061,-30
2062,30
2063,-448
2064,-80
2065,-14
2066,-60
2067,0
2068,8
2069,16
2070,-64
2071,3
2072,20
2073,-2
2074,145
2075,7
2076,5
2077,72
2078,-14
2079,0
2080,-18
2081,1
2082,-71
2083,-19
2084,-40
2085,-2
2086,12
2087,-20
2088,13
2089,32
2090,18
2091,56
2092,16
2093,0
2094,-42
2095,41
2096,21
2097,-9
2098,-260
2099,-120
2100,-2
2101,-19
2102,-12
2103,31
2104,8
2105,-25
2106,-20
2107,-79
2108,0
2109,-1
2110,-17
2111,-5
2112,-19
2113,-60
2114,5
2115,54
2116,45
2117,34
2118,350
2119,72
2120,0
2121,1
2122,-1
2123,105
2124,-5
2125,13
2126,97
2127,5
2128,-6
2129,50
2130,0
2131,17
2132,17
2133,-3
2134,0
2135,28
2136,-175
2137,-66
2138,0
2139,91
2140,-40
2141,0
2142,8
2143,45
2144,300
2145,16
2146,38
2147,-20
2148,-18
2149,104
2150,-336
2151,35
2152,17
2153,-14
2154,0
2155,-3
2156,56
2157,36
2158,48
2159,-61
2160,-12
2161,-9
2162,36
2163,-28
2164,19
2165,0
2166,-20
2167,-4
2168,-128
2169,6
2170,-34
2171,-236
2172,-8
2173,-14
2174,13
2175,1
2176,40
2177,6
2178,0
2179,-4
2180,37
2181,-12
2182,16
2183,-5
2184,10
2185,4
2186,-9
2187,48
2188,0
2189,11
2190,48
2191,0
2192,-6
2193,28
2194,-41
2195,-108
2196,-28
2197,16
2198,18
2199,0
2200,12
2201,135
2202,-5
2203,13
2204,-100
2205,-26
2206,7
2207,36
2208,-10
2209,14
2210,18
2211,6
2212,313
2213,-8
2214,4
2215,0
2216,0
2217,0
2218,-16
2219,-60
2220,164
2221,-6
2222,0
2223,24
2224,16
2225,-7
2226,-54
2227,5
2228,1
2229,16
2230,-19
2231,-16
2232,13
2233,6
2234,4
2235,30
2236,4
2237,-60
2238,-2
2239,-34
2240,0
2241,-7
2242,159
2243,-212
2244,0
2245,4
2246,36
2247,16
2248,4
2249,-8
2250,-24
2251,4
2252,27
2253,-36
2254,12
2255,-18
2256,-12
2257,-1
2258,-8
2259,12
2260,75
2261,0
2262,-45
2263,-36
2264,-33
2265,-9
2266,4
2267,-52
2268,16
2269,-68
2270,208
2271,5
2272,20
2273,-2
2274,28
2275,-14
2276,-23
2277,5
2278,-8
2279,9
2280,6
2281,-29
2282,-9
2283,-16
2284,-20
2285,16
2286,-42
2287,39
2288,-2
2289,2
2290,16
2291,-4
2292,-8
2293,0
2294,3
2295,29
2296,26
2297,-3
2298,-5
2299,48
2300,44
2301,0
2302,-15
2303,4
2304,-17
2305,-71
2306,5
2307,0
2308,-1
2309,92
2310,-7
2311,8
2312,-16
2313,12
2314,-8
2315,0
2316,204
2317,10
2318,-16
2319,-25
2320,-23
2321,-3
2322,-16
2323,17
2324,29
2325,291
2326,-48
2327,-9
2328,1
2329,28
2330,-19
2331,-7
2332,16
2333,-16
2334,-28
2335,24
2336,276
2337,0
2338,12
2339,-40
2340,6
2341,24
2342,30
2343,24
2344,-36
2345,-7
2346,-18
2347,-3
2348,8
2349,14
2350,0
2351,-32
2352,-27
2353,-4
2354,-5
2355,-35
2356,2
2357,13
2358,0
2359,4
2360,0
2361,32
2362,4
2363,-30
2364,-27
2365,-13
2366,290
2367,96
2368,19
2369,-4
2370,20
2371,60
2372,-11
2373,-2
2374,4
2375,-90
2376,13
2377,4
2378,-20
2379,-26
2380,-264
2381,20
2382,384
2383,-10
2384,0
2385,30
2386,2
2387,12
2388,-116
2389,91
2390,-13
2391,0
2392,12
2393,33
2394,216
2395,-28
2396,63
2397,-28
2398,-106
2399,4
2400,-44
2401,67
2402,-72
2403,-35
2404,-56
2405,-7
2406,-70
2407,16
2408,22
2409,-28
2410,-37
2411,35
2412,-10
2413,-6
2414,-4
2415,-49
2416,12
2417,384
2418,-6
2419,0
2420,-3
2421,-10
2422,-6
2423,17
2424,-192
2425,-12
2426,544
2427,-11
2428,-76
2429,6
2430,-20
2431,-3
2432,-12
2433,10
2434,18
2435,16
2436,24
2437,-92
2438,0
2439,10
2440,0
2441,-20
2442,-3
2443,1
2444,-18
2445,6
2446,-12
2447,90
2448,6
2449,-90
2450,-12
2451,12
2452,-32
2453,34
2454,-3
2455,-24
2456,4
2457,-15
2458,22
2459,-144
2460,-24
2461,-17
2462,1
2463,70
2464,-9
2465,81
2466,18
2467,19
2468,9
2469,20
2470,7
2471,-32
2472,0
2473,7
2474,10
2475,1
2476,-10
2477,0
2478,24
2479,-15
2480,242
2481,-5
2482,-18
2483,24
2484,-59
2485,-58
2486,-22
2487,-90
2488,6
2489,-4
2490,-32
2491,-3
2492,12
2493,81
2494,-94
2495,0
2496,-683
2497,21
2498,2
2499,-29
2500,-2
2501,40
2502,35
2503,-16
2504,-72
2505,18
2506,0
2507,-64
2508,0
2509,128
2510,-7
2511,8
2512,-9
2513,20
2514,4
2515,-3
2516,-16
2517,-35
2518,31
2519,24
2520,-2
2521,6
2522,0
2523,-36
2524,288
2525,49
2526,22
2527,-29
2528,-5
2529,-3
2530,-288
2531,54
2532,-82
2533,0
2534,-37
2535,22
2536,13
2537,-56
2538,5
2539,-90
2540,1
2541,16
2542,-25
2543,9
2544,54
2545,-4
2546,-6
2547,-12
2548,-116
2549,-60
2550,-11
2551,35
2552,-54
2553,4
2554,15
2555,-5
2556,2
2557,9
2558,-42
2559,334
2560,-60
2561,0
2562,4
2563,-47
2564,-3
2565,336
2566,-18
2567,64
2568,17
2569,-6
2570,-3
2571,-28
2572,-2
2573,-72
2574,9
2575,-3
2576,16
2577,-16
2578,-27
2579,-18
2580,-9
2581,96
2582,-18
2583,6
2584,-32
2585,-4
2586,-19
2587,-40
2588,16
2589,-63
2590,40
2591,-8
2592,-11
2593,-80
2594,-18
2595,24
2596,11
2597,-15
2598,0
2599,-14
2600,-6
2601,5
2602,0
2603,74
2604,12
2605,18
2606,1
2607,12
2608,32
2609,-107
2610,9
2611,24
2612,-97
2613,-42
2614,-18
2615,-6
2616,-26
2617,12
2618,69
2619,-63
2620,126
2621,4
2622,-35
2623,-13
2624,45
2625,-49
2626,-24
2627,-16
2628,11
2629,-2
2630,0
2631,-20
2632,0
2633,0
2634,114
2635,29
2636,12
2637,12
2638,0
2639,-23
2640,32
2641,-204
2642,-13
2643,72
2644,-15
2645,-5
2646,20
2647,0
2648,54
2649,-57
2650,1
2651,-12
2652,-4
2653,0
2654,0
2655,36
2656,-10
2657,-9
2658,-34
2659,64
2660,0
2661,-24
2662,0
2663,6
2664,20
2665,0
2666,-27
2667,16
2668,0
2669,150
2670,10
2671,-35
2672,15
2673,-13
2674,-15
2675,-35
2676,96
2677,-6
2678,-7
2679,0
2680,16
2681,-16
2682,7
2683,-12
2684,16
2685,28
2686,70
2687,-20
2688,27
2689,144
2690,21
2691,-27
2692,30
2693,30
2694,-14
2695,-28
2696,-1
2697,83
2698,4
2699,0
2700,-104
2701,-15
2702,-16
2703,15
2704,0
2705,-8
2706,-5
2707,4
2708,-4
2709,70
2710,96
2711,8
2712,0
2713,202
2714,16
2715,-6
2716,20
2717,9
2718,0
2719,-20
2720,-19
2721,12
2722,59
2723,84
2724,-37
2725,81
2726,8
2727,-34
2728,0
2729,1
2730,0
2731,4
2732,4
2733,-35
2734,-17
2735,-6
2736,-16
2737,68
2738,-40
2739,160
2740,-16
2741,-40
2742,-20
2743,-6
2744,-7
2745,13
2746,4
2747,36
2748,-2
2749,-19
2750,-7
2751,-100
2752,-24
2753,-19
2754,70
2755,70
2756,-6
2757,400
2758,-5
2759,-24
2760,112
2761,7
2762,-576
2763,-2
2764,30
2765,-5
2766,0
2767,22
2768,-72
2769,17
2770,-11
2771,47
2772,3
2773,-15
2774,-4
2775,1
2776,11
2777,0
2778,16
2779,1
2780,0
2781,70
2782,-19
2783,4
2784,-72
2785,-27
2786,135
2787,-11
2788,18
2789,-53
2790,-96
2791,0
2792,-3
2793,28
2794,10
2795,3
2796,-243
2797,2
2798,0
2799,0
2800,8
2801,0
2802,-1
2803,-20
2804,-5
2805,-26
2806,4
2807,70
2808,-9
2809,359
2810,-115
2811,-13
2812,0
2813,16
2814,29
2815,0
2816,-16
2817,4
2818,306
2819,2
2820,-33
2821,-4
2822,-8
2823,-2
2824,3
2825,36
2826,56
2827,4
2828,46
2829,-5
2830,23
2831,0
2832,-15
2833,100
2834,-15
2835,-19
2836,-19
2837,-9
2838,32
2839,-21
2840,-16
2841,5
2842,-25
2843,-13
2844,0
2845,-5
2846,-64
2847,18
2848,3
2849,18
2850,26
2851,-10
2852,-50
2853,6
2854,-5
2855,-24
2856,44
2857,-26
2858,12
2859,8
2860,-12
2861,-9
2862,-72
2863,-87
2864,-8
2865,4
2866,15
2867,-22
2868,-13
2869,4
2870,-63
2871,-1
2872,-216
2873,-19
2874,14
2875,-48
2876,-90
2877,-3
2878,-220
2879,0
2880,-96
2881,13
2882,-19
2883,-8
2884,-4
2885,0
2886,-5
2887,-4
2888,48
2889,-4
2890,-9
2891,40
2892,-392
2893,-5
2894,3
2895,-46
2896,10
2897,520
2898,56
2899,-39
2900,-96
2901,16
2902,0
2903,0
2904,-12
2905,11
2906,6
2907,-64
2908,54
2909,4
2910,6
2911,-9
2912,-4
2913,-4
2914,-12
2915,0
2916,-60
2917,36
2918,-25
2919,-10
2920,-20
2921,-12
2922,12
2923,0
2924,-18
2925,-53
2926,70
2927,-192
2928,9
2929,0
2930,0
2931,16
2932,32
2933,117
2934,-20
2935,-9
2936,5
2937,8
2938,24
2939,32
2940,7
2941,28
2942,12
2943,-19
2944,8
2945,16
2946,-50
2947,6
2948,6
2949,-6
2950,4
2951,4
2952,0
2953,-30
2954,-36
2955,-8
2956,-10
2957,-91
2958,-12
2959,18
2960,0
2961,2
2962,-51
2963,0
2964,40
2965,0
2966,26
2967,22
2968,-1
2969,6
2970,18
2971,5
2972,-5
2973,5
2974,-10
2975,3
2976,-11
2977,-9
2978,2
2979,-108
2980,-208
2981,-200
2982,10
2983,4
2984,35
2985,-70
2986,12
2987,0
2988,25
2989,-4
2990,8
2991,10
2992,28
2993,2
2994,28
2995,4
2996,19
2997,35
2998,-28
2999,-225
3000,0
3001,24
3002,14
3003,56
3004,12
3005,-18
3006,-11
3007,-96
3008,-106
3009,11
3010,0
3011,0
3012,21
3013,-18
3014,9
3015,-102
3016,7
3017,43
3018,11
3019,24
3020,4
3021,0
3022,90
3023,-17
3024,14
3025,18
3026,3
3027,-1
3028,553
3029,7
3030,12
3031,8
3032,6
3033,12
3034,-16
3035,-22
3036,-12
3037,64
3038,16
3039,-21
3040,0
3041,15
3042,-16
3043,-1
3044,-15
3045,-2
3046,8
3047,108
3048,36
3049,-6
3050,-10
3051,78
3052,2
3053,4
3054,-96
3055,6
3056,-6
3057,19
3058,1
3059,-52
3060,-15
3061,15
3062,3
3063,21
3064,4
3065,-15
3066,0
3067,2
3068,6
3069,4
3070,-10
3071,10
3072,13
3073,32
3074,-8
3075,-18
3076,-7
3077,-18
3078,-3
3079,9
3080,-36
3081,29
3082,66
3083,-3
3084,-9
3085,0
3086,56
3087,-12
3088,6
3089,4
3090,6
3091,-20
3092,-12
3093,6
3094,0
3095,5
3096,-27
3097,-72
3098,-16
3099,240
3100,-3
3101,-6
3102,72
3103,-11
3104,-19
3105,40
3106,8
3107,-144
3108,-30
3109,-4
3110,-28
3111,96
3112,0
3113,-70
3114,12
3115,0
3116,-10
3117,-50
3118,-14
3119,-4
3120,4
3121,6
3122,-162
3123,102
3124,0
3125,-40
3126,11
3127,-96
3128,-120
3129,9
3130,-9
3131,21
3132,4
3133,17
3134,12
3135,3
3136,7
3137,-10
3138,-18
3139,-7
3140,-50
3141,20
3142,3
3143,196
3144,109
3145,12
3146,-2
3147,0
3148,27
3149,2
3150,8
3151,0
3152,-72
3153,52
3154,56
3155,-11
3156,50
3157,28
3158,5
3159,5
3160,4
3161,-1
3162,-50
3163,27
3164,-20
3165,-126
3166,40
3167,30
3168,7
3169,-6
3170,35
3171,1
3172,-504
3173,-20
3174,-2
3175,0
3176,2
3177,-72
3178,-45
3179,-12
3180,0
3181,180
3182,-556
3183,-275
3184,3
3185,-37
3186,-6
3187,36
3188,-12
3189,14
3190,2
3191,22
3192,4
3193,-15
3194,9
3195,16
3196,8
3197,-15
3198,18
3199,116
3200,-20
3201,-64
3202,15
3203,75
3204,35
3205,-128
3206,-8
3207,-27
3208,24
3209,0
3210,19
3211,-3
3212,-4
3213,363
3214,0
3215,0
3216,3
3217,16
3218,-19
3219,15
3220,0
3221,-7
3222,-36
3223,0
3224,-20
3225,4
3226,12
3227,0
3228,16
3229,19
3230,-16
3231,-18
3232,-21
3233,-38
3234,-32
3235,14
3236,50
3237,-18
3238,-246
3239,-20
3240,16
3241,-16
3242,-12
3243,-46
3244,8
3245,-2
3246,3
3247,0
3248,6
3249,-48
3250,-159
3251,-8
3252,-1
3253,4
3254,16
3255,50
3256,-14
3257,432
3258,-7
3259,-17
3260,0
3261,-8
3262,-14
3263,12
3264,11
3265,16
3266,-87
3267,-36
3268,-16
3269,-2
3270,-54
3271,-16
3272,-24
3273,18
3274,-67
3275,-1
3276,-9
3277,-112
3278,2
3279,-4
3280,-36
3281,324
3282,4
3283,-22
3284,6
3285,-30
3286,-28
3287,8
3288,-7
3289,6
3290,-6
3291,-46
3292,-156
3293,108
3294,55
3295,-16
3296,-1
3297,-204
3298,-63
3299,-85
3300,-9
3301,-4
3302,-38
3303,144
3304,7
3305,-2
3306,16
3307,6
3308,-6
3309,-48
3310,-78
3311,-14
3312,-36
3313,-3
3314,25
3315,0
3316,-22
3317,10
3318,-5
3319,-504
3320,-54
3321,-80
3322,10
3323,-17
3324,8
3325,16
3326,8
3327,6
3328,-200
3329,94
3330,0
3331,0
3332,0
3333,-36
3334,21
3335,19
3336,-2
3337,-4
3338,15
3339,-20
3340,48
3341,0
3342,14
3343,-7
3344,10
3345,294
3346,-17
3347,60
3348,-2
3349,-7
3350,0
3351,10
3352,0
3353,-1
3354,18
3355,6
3356,-11
3357,-22
3358,-392
3359,-26
3360,4
3361,0
3362,5
3363,5
3364,33
3365,-96
3366,99
3367,-40
3368,2
3369,-18
3370,-12
3371,-18
3372,10
3373,3
3374,-48
3375,72
3376,4
3377,-13
3378,-11
3379,-153
3380,4
3381,-6
3382,96
3383,9
3384,-2
3385,-7
3386,-108
3387,5
3388,-12
3389,-90
3390,-3
3391,-12
3392,10
3393,12
3394,-15
3395,0
3396,24
3397,-2
3398,40
3399,-34
3400,-15
3401,20
3402,9
3403,1
3404,0
3405,-4
3406,8
3407,315
3408,-25
3409,27
3410,-942
3411,4
3412,-490
3413,-20
3414,-197
3415,-48
3416,-672
3417,-48
3418,-19
3419,0
3420,106
3421,-32
3422,-10
3423,-2
3424,-7
3425,5
3426,0
3427,2
3428,384
3429,20
3430,-3
3431,-14
3432,64
3433,-60
3434,-4
3435,32
3436,20
3437,-2
3438,16
3439,0
3440,-3
3441,130
3442,0
3443,118
3444,54
3445,12
3446,-5
3447,-4
3448,-104
3449,-24
3450,-27
3451,-168
3452,63
3453,-12
3454,-15
3455,-280
3456,42
3457,0
3458,45
3459,-5
3460,-5
3461,48
3462,18
3463,12
3464,0
3465,36
3466,4
3467,-8
3468,4
3469,11
3470,-36
3471,247
3472,17
3473,10
3474,1
3475,-6
3476,-16
3477,16
3478,-3
3479,-40
3480,-70
3481,-56
3482,24
3483,15
3484,-12
3485,0
3486,-216
3487,-21
3488,-8
3489,88
3490,256
3491,-8
3492,14
3493,13
3494,11
3495,1
3496,-33
3497,-23
3498,12
3499,0
3500,-7
3501,124
3502,3
3503,-24
3504,-36
3505,-15
3506,95
3507,32
3508,12
3509,19
3510,0
3511,-336
3512,40
3513,-5
3514,1
3515,-21
3516,103
3517,4
3518,20
3519,-30
3520,-11
3521,32
3522,-8
3523,6
3524,-16
3525,48
3526,-40
3527,-3
3528,7
3529,-12
3530,-20
3531,-100
3532,20
3533,-15
3534,6
3535,7
3536,30
3537,7
3538,-6
3539,100
3540,-7
3541,11
3542,-6
3543,58
3544,-12
3545,6
3546,-1
3547,0
3548,-931
3549,72
3550,0
3551,5
3552,-8
3553,3
3554,-20
3555,-12
3556,19
3557,30
3558,-60
3559,0
3560,1
3561,-3
3562,-2
3563,19
3564,0
3565,-24
3566,0
3567,0
3568,-72
3569,-8
3570,6
3571,11
3572,25
3573,-350
3574,164
3575,90
3576,9
3577,7
3578,4
3579,-6
3580,36
3581,9
3582,15
3583,-17
3584,-2
3585,-12
3586,-24
3587,-45
3588,-14
3589,0
3590,46
3591,-112
3592,525
3593,0
3594,-10
3595,-42
3596,29
3597,-21
3598,36
3599,16
3600,7
3601,-11
3602,0
3603,-50
3604,-12
3605,-6
3606,-67
3607,-18
3608,-6
3609,18
3610,0
3611,16
3612,-18
3613,-16
3614,6
3615,-42
3616,-4
3617,18
3618,0
3619,-8
3620,17
3621,-75
3622,-9
3623,24
3624,9
3625,0
3626,-8
3627,0
3628,0
3629,86
3630,30
3631,12
3632,0
3633,17
3634,0
3635,602
3636,-96
3637,-27
3638,16
3639,0
3640,27
3641,-13
3642,-32
3643,-6
3644,3
3645,29
3646,-10
3647,2
3648,16
3649,-2
3650,144
3651,32
3652,4
3653,-30
3654,-10
3655,1
3656,-40
3657,90
3658,-116
3659,32
3660,-6
3661,-3
3662,48
3663,280
3664,12
3665,-637
3666,28
3667,98
3668,-29
3669,19
3670,10
3671,-15
3672,-32
3673,40
3674,-96
3675,0
3676,0
3677,0
3678,0
3679,-14
3680,-3
3681,-34
3682,43
3683,-8
3684,4
3685,-44
3686,-18
3687,-9
3688,30
3689,-3
3690,-48
3691,-8
3692,12
3693,-48
3694,12
3695,-10
3696,12
3697,-66
3698,21
3699,87
3700,1
3701,6
3702,0
3703,5
3704,11
3705,23
3706,29
3707,-13
3708,-24
3709,14
3710,-12
3711,0
3712,-4
3713,140
3714,-1
3715,27
3716,-18
3717,70
3718,-36
3719,0
3720,0
3721,-6
3722,32
3723,46
3724,21
3725,0
3726,2
3727,0
3728,-110
3729,13
3730,8
3731,-8
3732,-4
3733,34
3734,17
3735,-78
3736,0
3737,-16
3738,8
3739,-36
3740,5
3741,0
3742,-9
3743,2
3744,0
3745,18
3746,45
3747,12
3748,0
3749,-42
3750,10
3751,60
3752,7
3753,72
3754,-13
3755,-144
3756,0
3757,-8
3758,108
3759,-14
3760,-8
3761,-862
3762,-16
3763,44
3764,-6
3765,12
3766,-24
3767,-16
3768,18
3769,-10
3770,0
3771,40
3772,-50
3773,4
3774,-12
3775,-12
3776,-16
3777,14
3778,-80
3779,-9
3780,-17
3781,0
3782,0
3783,9
3784,-24
3785,-18
3786,-32
3787,-18
3788,-23
3789,-17
3790,15
3791,-36
3792,-6
3793,40
3794,7
3795,-8
3796,12
3797,-12
3798,292
3799,-9
3800,-12
3801,-16
3802,7
3803,-438
3804,4
3805,32
3806,-24
3807,4
3808,-5
3809,20
3810,-288
3811,1
3812,0
3813,0
3814,-24
3815,12
3816,14
3817,-528
3818,16
3819,12
3820,4
3821,24
3822,-90
3823,-2
3824,11
3825,-3
3826,-12
3827,24
3828,-37
3829,-6
3830,-18
3831,400
3832,-31
3833,-46
3834,-8
3835,32
3836,1
3837,16
3838,0
3839,2
3840,-48
3841,114
3842,3
3843,-14
3844,0
3845,-54
3846,3
3847,26
3848,30
3849,0
3850,0
3851,6
3852,-16
3853,-8
3854,-42
3855,-49
3856,-6
3857,24
3858,404
3859,17
3860,-28
3861,-7
3862,9
3863,-40
3864,0
3865,2
3866,183
3867,13
3868,4
3869,48
3870,-8
3871,-8
3872,-1
3873,0
3874,5
3875,-8
3876,15
3877,-10
3878,36
3879,0
3880,0
3881,-3
3882,-13
3883,40
3884,-3
3885,4
3886,101
3887,12
3888,-12
3889,12
3890,45
3891,6
3892,-16
3893,-18
3894,0
3895,-13
3896,8
3897,11
3898,1
3899,-17
3900,12
3901,213
3902,-5
3903,0
3904,40
3905,4
3906,10
3907,50
3908,2
3909,8
3910,6
3911,-63
3912,-14
3913,-19
3914,5
3915,96
3916,0
3917,45
3918,0
3919,15
3920,-5
3921,-12
3922,20
3923,0
3924,-20
3925,-2
3926,-2
3927,-39
3928,-12
3929,32
3930,-60
3931,2
3932,0
3933,85
3934,-22
3935,15
3936,-6
3937,-11
3938,-6
3939,-250
3940,9
3941,-6
3942,-21
3943,133
3944,72
3945,-21
3946,-72
3947,8
3948,2
3949,-11
3950,-21
3951,-8
3952,-4
3953,-446
3954,-140
3955,0
3956,-144
3957,52
3958,-1
3959,-9
3960,22
3961,0
3962,9
3963,-4
3964,-48
3965,2
3966,-18
3967,-9
3968,12
3969,6
3970,-19
3971,17
3972,-14
3973,-3
3974,2
3975,61
3976,-70
3977,-16
3978,-5
3979,12
3980,12
3981,-16
3982,2
3983,3
3984,-36
3985,-20
3986,-72
3987,-6
3988,1
3989,17
3990,-12
3991,-40
3992,36
3993,-14
3994,0
3995,-10
3996,-40
3997,96
3998,64
3999,-10
4000,46
4001,80
4002,-8
4003,0
4004,-64
4005,0
4006,-11
4007,-13
4008,-36
4009,-24
4010,20
4011,0
4012,4
4013,7
4014,0
4015,-36
4016,-12
4017,-20
4018,-18
4019,-42
4020,8
4021,0
4022,-14
4023,12
4024,165
4025,177
4026,-50
4027,-28
4028,420
4029,8
4030,12
4031,20
4032,-24
4033,7
4034,13
4035,-17
4036,-6
4037,0
4038,-164
4039,18
4040,0
4041,-172
4042,318
4043,-18
4044,-5
4045,-5
4046,7
4047,-625
4048,23
4049,-1
4050,-36
4051,-6
4052,2
4053,8
4054,1
4055,0
4056,0
4057,23
4058,0
4059,8
4060,9
4061,4
4062,20
4063,-28
4064,-1
4065,17
4066,-9
4067,20
4068,7
4069,-28
4070,4
4071,3
4072,11
4073,-5
4074,1
4075,-2
4076,-25
4077,12
4078,-69
4079,3
4080,52
4081,-3
4082,-72
4083,10
4084,10
4085,4
4086,72
4087,89
4088,0
4089,-45
4090,18
4091,0
4092,-11
4093,208
4094,-63
4095,-32
4096,-40
4097,22
4098,3
4099,45
4100,0
4101,18
4102,-152
4103,72
4104,-33
4105,0
4106,112
4107,349
4108,0
4109,-11
4110,15
4111,9
4112,34
4113,-15
4114,3
4115,9
4116,36
4117,288
4118,-21
4119,8
4120,18
4121,-6
4122,-5
4123,-4
4124,0
4125,8
4126,6
4127,-25
4128,-20
4129,37
4130,-37
4131,16
4132,-25
4133,-12
4134,2
4135,14
4136,8
4137,387
4138,8
4139,-32
4140,2
4141,0
4142,-2
4143,8
4144,-68
4145,144
4146,13
4147,-72
4148,0
4149,8
4150,0
4151,18
4152,79
4153,-6
4154,-7
4155,19
4156,64
4157,-240
4158,0
4159,-16
4160,71
4161,20
4162,0
4163,-14
4164,0
4165,-7
4166,-7
4167,0
4168,4
4169,-72
4170,0
4171,0
4172,-11
4173,-15
4174,-38
4175,16
4176,3
4177,1
4178,-36
4179,4
4180,0
4181,-80
4182,0
4183,30
4184,-28
4185,-13
4186,-224
4187,19
4188,243
4189,57
4190,-14
4191,2
4192,-7
4193,-32
4194,-20
4195,-3
4196,-16
4197,5
4198,-192
4199,20
4200,0
4201,20
4202,1
4203,-156
4204,48
4205,0
4206,6
4207,20
4208,9
4209,24
4210,0
4211,0
4212,4
4213,0
4214,-4
4215,24
4216,-17
4217,108
4218,88
4219,12
4220,120
4221,-11
4222,-6
4223,35
4224,20
4225,-28
4226,-10
4227,-2
4228,14
4229,100
4230,225
4231,7
4232,8
4233,186
4234,40
4235,14
4236,20
4237,24
4238,5
4239,0
4240,-14
4241,89
4242,0
4243,-42
4244,6
4245,-16
4246,16
4247,36
4248,-1
4249,36
4250,-80
4251,42
4252,-11
4253,-108
4254,-100
4255,-14
4256,24
4257,4
4258,11
4259,16
4260,-152
4261,-5
4262,-11
4263,-15
4264,-88
4265,22
4266,-26
4267,12
4268,0
4269,11
4270,24
4271,23
4272,-17
4273,-14
4274,20
4275,10
4276,-15
4277,-105
4278,12
4279,-396
4280,-15
4281,-3
4282,-21
4283,-10
4284,-6
4285,-22
4286,0
4287,-8
4288,8
4289,-128
4290,-486
4291,-20
4292,36
4293,4
4294,-6
4295,-14
4296,6
4297,28
4298,-10
4299,-20
4300,13
4301,17
4302,0
4303,16
4304,-30
4305,-10
4306,4
4307,-16
4308,3
4309,-3
4310,20
4311,8
4312,-72
4313,-13
4314,0
4315,-4
4316,-8
4317,-8
4318,112
4319,-18
4320,-9
4321,-8
4322,312
4323,31
4324,0
4325,8
4326,-144
4327,0
4328,18
4329,0
4330,-72
4331,96
4332,0
4333,23
4334,15
4335,-144
4336,-153
4337,27
4338,-4
4339,49
4340,-70
4341,-2
4342,8
4343,-25
4344,20
4345,0
4346,10
4347,50
4348,22
4349,0
4350,4
4351,-38
4352,-10
4353,11
4354,49
4355,-1
4356,-54
4357,23
4358,-5
4359,-19
4360,6
4361,-60
4362,-7
4363,-11
4364,-18
4365,41
4366,1
4367,-72
4368,-18
4369,4
4370,14
4371,94
4372,-40
4373,4
4374,-19
4375,0
4376,-28
4377,0
4378,-20
4379,11
4380,-194
4381,10
4382,0
4383,70
4384,1
4385,130
4386,-52
4387,70
4388,-27
4389,3
4390,-7
4391,4
4392,252
4393,27
4394,27
4395,11
4396,-80
4397,0
4398,4
4399,-6
4400,15
4401,-48
4402,0
4403,-9
4404,0
4405,-6
4406,3
4407,21
4408,114
4409,4
4410,-17
4411,-6
4412,66
4413,-3
4414,288
4415,10
4416,-27
4417,13
4418,10
4419,64
4420,17
4421,12
4422,-9
4423,2
4424,-6
4425,-8
4426,12
4427,10
4428,-2
4429,48
4430,-19
4431,-6
4432,-612
4433,-64
4434,-6
4435,7
4436,2
4437,-4
4438,0
4439,112
4440,-346
4441,-82
4442,8
4443,13
4444,10
4445,-32
4446,135
4447,-128
4448,0
4449,60
4450,-10
4451,1
4452,-144
4453,20
4454,-20
4455,-104
4456,24
4457,-6
4458,2
4459,6
4460,-15
4461,109
4462,-61
4463,-2
4464,-16
4465,-9
4466,-8
4467,314
4468,-29
4469,0
4470,392
4471,-10
4472,16
4473,14
4474,63
4475,4
4476,1
4477,32
4478,0
4479,12
4480,-54
4481,-34
4482,25
4483,-18
4484,-50
4485,-6
4486,10
4487,18
4488,36
4489,4
4490,4
4491,24
4492,3
4493,-6
4494,-16
4495,-18
4496,810
4497,13
4498,71
4499,-80
4500,12
4501,-16
4502,14
4503,59
4504,0
4505,-24
4506,21
4507,-3
4508,247
4509,288
4510,-18
4511,18
4512,-78
4513,0
4514,24
4515,-8
4516,-8
4517,-36
4518,-6
4519,-7
4520,29
4521,-1
4522,48
4523,2
4524,-6
4525,12
4526,5
4527,6
4528,-8
4529,4
4530,4
4531,2
4532,3
4533,35
4534,0
4535,2
4536,3
4537,-1
4538,0
4539,12
4540,-24
4541,-27
4542,-144
4543,-7
4544,47
4545,21
4546,-36
4547,144
4548,37
4549,6
4550,0
4551,6
4552,-1
4553,-7
4554,-20
4555,-134
4556,-32
4557,36
4558,1
4559,48
4560,-392
4561,40
4562,-4
4563,-6
4564,13
4565,-12
4566,22
4567,-45
4568,-20
4569,-16
4570,32
4571,-31
4572,16
4573,-5
4574,1
4575,-60
4576,9
4577,0
4578,0
4579,-128
4580,20
4581,50
4582,6
4583,20
4584,-82
4585,168
4586,-4
4587,40
4588,1
4589,27
4590,4
4591,0
4592,48
4593,-72
4594,-38
4595,11
4596,-16
4597,7
4598,6
4599,72
4600,0
4601,-70
4602,40
4603,-4
4604,50
4605,2
4606,-56
4607,16
4608,0
4609,484
4610,-81
4611,-40
4612,0
4613,3
4614,96
4615,10
4616,-1
4617,-32
4618,24
4619,10
4620,12
4621,-15
4622,-66
4623,0
4624,704
4625,-80
4626,48
4627,-5
4628,4
4629,39
4630,-9
4631,9
4632,-19
4633,49
4634,4
4635,-18
4636,-3
4637,6
4638,0
4639,6
4640,-36
4641,17
4642,-13
4643,-86
4644,-5
4645,-19
4646,-14
4647,4
4648,6
4649,0
4650,-22
4651,45
4652,-12
4653,84
4654,1
4655,18
4656,4
4657,-48
4658,29
4659,90
4660,12
4661,-6
4662,12
4663,8
4664,7
4665,1
4666,11
4667,-19
4668,-7
4669,-3
4670,-583
4671,108
4672,6
4673,0
4674,4
4675,4
4676,90
4677,0
4678,2
4679,14
4680,17
4681,4
4682,-3
4683,-16
4684,301
4685,45
4686,14
4687,4
4688,-60
4689,0
4690,36
4691,-24
4692,-4
4693,0
4694,-6
4695,-12
4696,84
4697,-3
4698,-27
4699,-6
4700,-48
4701,540
4702,68
4703,52
4704,-4
4705,2
4706,-18
4707,-144
4708,13
4709,-5
4710,8
4711,-18
4712,-6
4713,70
4714,-8
4715,-12
4716,-38
4717,0
4718,-12
4719,-14
4720,-38
4721,-24
4722,12
4723,0
4724,0
4725,0
4726,-4
4727,25
4728,5
4729,4
4730,-86
4731,-1
4732,0
4733,-36
4734,20
4735,-12
4736,28
4737,9
4738,8
4739,28
4740,-8
4741,9
4742,0
4743,12
4744,6
4745,3
4746,23
4747,-6
4748,6
4749,4
4750,-15
4751,0
4752,19
4753,16
4754,-2
4755,-17
4756,20
4757,90
4758,54
4759,-69
4760,-36
4761,3
4762,6
4763,-1
4764,21
4765,18
4766,-96
4767,8
4768,-13
4769,-20
4770,17
4771,-8
4772,-7
4773,-5
4774,-7
4775,7
4776,-20
4777,-70
4778,0
4779,216
4780,4
4781,-8
4782,-4
4783,20
4784,-1
4785,2
4786,-36
4787,0
4788,36
4789,12
4790,6
4791,-2
4792,41
4793,0
4794,-5
4795,-119
4796,-9
4797,-4
4798,6
4799,-3
4800,2
4801,0
4802,-33
4803,0
4804,12
4805,-1
4806,36
4807,0
4808,-64
4809,79
4810,12
4811,6
4812,56
4813,-42
4814,5
4815,10
4816,-11
4817,-95
4818,100
4819,-8
4820,-2
4821,-29
4822,11
4823,-24
4824,9
4825,90
4826,27
4827,0
4828,196
4829,-42
4830,-8
4831,-48
4832,-25
4833,8
4834,48
4835,7
4836,5
4837,0
4838,16
4839,-7
4840,5
4841,-6
4842,-14
4843,-15
4844,16
4845,7
4846,-20
4847,15
4848,-9
4849,0
4850,-6
4851,-24
4852,3
4853,0
4854,3
4855,-4
4856,-12
4857,21
4858,36
4859,63
4860,52
4861,72
4862,405
4863,40
4864,-100
4865,7
4866,0
4867,9
4868,-28
4869,-150
4870,-11
4871,10
4872,-11
4873,18
4874,4
4875,87
4876,112
4877,9
4878,-63
4879,-8
4880,-16
4881,0
4882,28
4883,-4
4884,11
4885,-248
4886,-10
4887,5
4888,-4
4889,4
4890,12
4891,-82
4892,-2
4893,0
4894,-10
4895,-36
4896,-32
4897,7
4898,-12
4899,-21
4900,59
4901,24
4902,-6
4903,-9
4904,14
4905,80
4906,-13
4907,6
4908,-2
4909,-27
4910,-8
4911,-22
4912,0
4913,-20
4914,3
4915,2
4916,-60
4917,21
4918,0
4919,-1
4920,0
4921,8
4922,20
4923,72
4924,-11
4925,35
4926,4
4927,-292
4928,576
4929,4
4930,9
4931,-9
4932,-236
4933,4
4934,15
4935,-13
4936,-21
4937,5
4938,0
4939,-356
4940,-6
4941,4
4942,16
4943,0
4944,30
4945,172
4946,-30
4947,-26
4948,18
4949,4
4950,-7
4951,-10
4952,13
4953,7
4954,2
4955,36
4956,34
4957,0
4958,-6
4959,-21
4960,60
4961,40
4962,220
4963,-4
4964,20
4965,6
4966,-9
4967,-4
4968,-10
4969,420
4970,0
4971,68
4972,81
4973,2
4974,-7
4975,0
4976,99
4977,0
4978,-22
4979,-8
4980,22
4981,1
4982,0
4983,-324
4984,-14
4985,-16
4986,60
4987,-17
4988,-3
4989,-18
4990,4
4991,0
4992,21
4993,8
4994,13
4995,-4
4996,1
4997,252
4998,-25
4999,-6
